"estimand","estimate","se","ci_lower","ci_upper"
"effort_total",626.25,45.6498287933115,536.77797966469,715.72202033531
"catch_total",313.190476190476,55.7238941653612,203.973650548047,422.407301832906
"harvest_total",240.52380952381,46.5857974642421,149.217324302818,331.830294744801
